{"cameraMode":{"drawMode":0,"name":"Shaded","section":"Shading Mode"},"sceneLighting":false,"audioPlay":false,"sceneViewState":{"m_AlwaysRefresh":false,"showFog":true,"showSkybox":false,"showFlares":true,"showImageEffects":true,"showParticleSystems":true,"showVisualEffectGraphs":true,"m_FxEnabled":true},"in2DMode":false,"pivot":{"x":1.801367998123169,"y":-1.032463550567627,"z":-2.0942516326904299},"rotation":{"x":-0.021226119250059129,"y":-0.08777111023664475,"z":0.0018673614831641317,"w":-0.9959210753440857},"size":11.752888679504395,"orthographic":false}